[
    {
    "number": 1,
    "name": "ТВОРОЖНО-БАНАНОВОЕ СУФЛЕ",
    "ingredients": "Детский натуральный творожок - 50гр, Обычный творог 5% - 50гр, Банан - 1/2 шт, Яйцо - 1/2 или 2 перепелиных, Манка - 1 ст.л без горки",
    "method": "Смешиваем все ингредиенты и взбиваем блендером. Если без блендера, то банан очень хорошо разминаем и хорошо все смешиваем. Оставляем творожную массу на 15-20 минут, чтобы манка разбухла. Разливаем творожную смесь в силиконовые формочки и готовим на пару 25 минут, или можно запечь в духовке 20 минут при температуре 180 градусов."
    },
    {
    "number": 2,
    "name": "ШПИНАТНЫЕ БЛИНЧИКИ",
    "ingredients": "Шпинат - 100 гр, Яйцо - 3 шт, Молоко или вода - 150 мл, Мука - 100 гр, Масло растительное - 1 ч.л",
    "method": "Смешиваем яйца с мукой, хорошо перемешиваем, постепенно добавляем молоко. Шпинат измельчаем в блендере и добавляем к тесту вместе с чайной ложкой масла, перемешиваем. Даём тесту постоять 20-30 минут. Выпекаем блины на а/п сковороде с двух сторон, первую сторону держим примерно 2 минуты, вторую сторону 30 сек. Время приготовления так же зависит от огня, на котором вы готовите. Я готовила на минимальном."
    },
    {
    "number": 3,
    "name": "ЛИМОННО-АПЕЛЬСИНОВЫЙ МАННИК",
    "ingredients": "Крупа манная - 1 стакан, Кефир - 1 стакан, Мука - 4-5 ст.л, Апельсин - 1 шт, Лимон - 1 шт, Яйцо - 2 шт, Масло для смазывания формы",
    "method": "Манку заливаем кефиром и оставляем на 30 мин для набухания. В отдельной ёмкости взбиваем яйца. В набухшую манку вливаем яичную смесь и все аккуратно перемешиваем. Просеиваем муку и ещё раз все перемешиваем. На мелкой тёрке натираем цедру лимона и апельсина, мякоть апельсина без прожилок нарезаем маленькими кусочками и вместе с цедрой добавляем к манной массе, перемешиваем. Форму для запекания смазываем маслом, выкладываем в неё тесто и выпекаем 30-40 минут при 180 градусах."
    },
    {
    "number": 4,
    "name": "ОВСЯНАЯ КАША С АРАХИСОМ И КОКОСОМ",
    "ingredients": "Овсяные хлопья - 1 стакан, Молоко кокосовое - 1 стакан, Вода - 1 стакан, Паста арахисовая - 1 ст.л, Стружка кокосовая - 2 ст.л",
    "method": "Наливаем в кастрюльку молоко и воду (молоко можно использовать любое или не использовать вообще, заменив на воду), на медленном огне доводим до кипения, высыпаем овсяные хлопья и варим кашу до готовности, постоянно помешивая. В конце варки добавляем арахисовую пасту и кокосовую стружку, перемешиваем."
    },
    {
    "number": 5,
    "name": "ОМЛЕТ С КАБАЧКОМ И МОЦАРЕЛЛОЙ",
    "ingredients": "Кабачок - 1 маленький, Яйца - 2 шт, Молоко - 20 мл, Моцарелла - 50 гр, Масло для смазывания формочек (силиконовые формочки смазывать не нужно)",
    "method": "Кабачок натираем на мелкой тёрке и оставляем на 20 минут, за это время он отдаст лишнюю влагу, хорошо его отжимаем. Моцареллу натираем на тёрке. Смешиваем тёртый кабачок, яйца, молоко, моцареллу и перемешиваем. Форму для запекания смазываем маслом (я использовала силиконовые формочки), выливаем смесь в форму и выпекаем в духовке 20-25 минут при температуре 180 гр."
    },
    {
    "number": 6,
    "name": "РИСОВЫЙ ПУДИНГ",
    "ingredients": "Хлопья рисовые - 1 стакан, Вода - 1 стакан, Молоко - 1 стакан, Яйца - 2 шт, Масло для смазывания формы",
    "method": "Наливаем в кастрюльку стакан воды и стакан молока, доводим до кипения и высыпаем рисовые хлопья, варим до готовности, каша должна получиться густой. Остужаем до комнатной температуры. Белки отделяем от желтков, желтки смешиваем с рисом, а белки взбиваем в густую пену до устойчивых пиков и аккуратно вмешиваем к рису с желтками. Форму смазываем маслом, выкладываем рисовую массу и ставим в предварительно разогретую до 180 гр духовку на 30 минут."
    },
    {
    "number": 7,
    "name": "КОКОСОВЫЕ ПАНКЕЙКИ",
    "ingredients": "Детский творожок - 120 гр, Яйцо - 1 шт, Стружка кокосовая - 2 ст.л, Мука - 2 ст.л (у меня рисовая)",
    "method": "Смешиваем все ингредиенты и взбиваем блендером. Ложкой выкладываем тесто на сухую, хорошо разогретую а/п сковороду, выпекаем с двух сторон до золотистой корочки, печём панкейки на медленном огне под крышкой."
    },
    {
    "number": 8,
    "name": "БЛИНЧИКИ С МАКОМ",
    "ingredients": "Яйцо - 2 шт, Молоко - 150 мл, Вода комнатной температуры - 150 мл, Мука - 6-7 ст.л, Мак - 2 ст.л, Масло растительное - 1 ч.л + для смазывания сковороды",
    "method": "Яйца взбиваем венчиком, добавляем молоко+воду, муку и мак, очень хорошо перемешиваем, стараясь не допускать комочков, добавляем растительное масло в тесто и даём постоять 10 минут. Сковороду перед первым блином смазываем маслом, потом уже не нужно. На хорошо разогретую сковороду половником наливаем тесто и даём ему растечься по всей сковороде. Когда края блинчика начнут немного уплотняться, переворачиваем на другую сторону и печём ещё минутку."
    },
    {
    "number": 9,
    "name": "КУКУРУЗНАЯ КАША С ЯГОДАМИ И МИНДАЛЬНОЙ КРОШКОЙ",
    "ingredients": "Кукурузная крупа - 1 ст, Вода - 2 ст, Молоко - 2.5 ст, Ягоды замороженные или свежие - по вкусу, Крошка миндальная - 1 ст.л",
    "method": "Наливаем в кастрюлю молоко, добавляем 2 стакана воды и ставим  на огонь. Доводим до кипения и тонкой струйкой всыпаем крупу, постоянно мешая кашу венчиком. Уменьшаем огонь до слабого, прикрываем кастрюлю крышкой и варим кашу, помешивая каждые 5 мин до готовности, примерно 30 мин. Если каша получается слишком густой, добавляем немного воды или молока. Ягоды размораживаем и разрезаем на 4 части или меньше (обязательно нужно разрезать до трёх лет, соблюдаем безопасность наших малышей) добавьте ягоды к каше, хорошо перемешайте. Для сладости можно добавить мелко нарезаный банан. Перед подачей посыпаем миндальной крошкой."
    },
    {
    "number": 10,
    "name": "ТВОРОЖНАЯ ЗАПЕКАНКА С ПШЕНОМ",
    "ingredients": "Творог - 200 гр, Каша пшённая - 150 гр, Яйцо - 1 шт, Сметана - 60 гр, Мука рисовая - 1 ст.л",
    "method": "Смешиваем творог с яйцом, лучше взбить все блендером для более нежной консистенции, добавляем готовую пшённую кашу и сметану, перемешиваем. Далее добавляем муку и окончательно перемешиваем творожную массу. Выкладываем в силиконовую форму для запекания (если форма не силиконовая - смазываем немного маслом, а то не оторвёте потом) и запекаем 45 минут при температуре 170-180 гр."
    },
    {
    "number": 11,
    "name": "ОМЛЕТ С ВЕРМИШЕЛЬЮ И БРОККОЛИ",
    "ingredients": "Яйцо - 2шт, Молоко - 2 ст.л, Вермишель - 5 ст.л, Брокколи - 5 соцветий, Моцарелла - 30 гр  (по желанию), Масло для смазывания формы  (для силиконовой формы - не нужно)",
    "method": "Вермишель и брокколи отвариваем до готовности, брокколи натираем на тёрке и отжимаем от лишней жидкости. смешиваем готовую вермишель, брокколи, яйцо и молоко, хорошо перемешиваем, по желанию добавляем тертую моцареллу. форму смазываем маслом, выкладываем нашу яичную смесь и запекаем в духовке при 180гр - 20 минут."
    },
    {
    "number": 12,
    "name": "СУФЛЕ ИЗ ТЫКВЫ",
    "ingredients": "Тыква - 130 гр, Яйцо - 2 шт, Мука - 1 ст.л",
    "method": "Тыкву нарезаем не большими кубиками и отправляем варится до готовности (15-20мин).  Приготовленную тыкву измельчаем в пюре с помощью блендера.  Яйца разделяем на белки и желтки. Желтки смешиваем с тыквенным пюре, добавляем муку и хорошо перемешиваем. Белки взбиваем в плотную пену и аккуратно вводим к тыкве с желтками, перемешиваем, раскладываем смесь по силиконовым формочкам и выпекаем в духовке 25 минут при температуре  180 гр."
    },
    {
    "number": 13,
    "name": "СВЕКОЛЬНЫЕ ПАНКЕЙКИ",
    "ingredients": "Свекла запечённая - 1 шт, Молоко - 200 мл, Яйцо - 1 шт, Мука - 200 гр, Масло растительное - 1 ч.л",
    "method": "Готовим пюре из свеклы с молоком, пюрируем блендером или натираем на мелкой тёрке смешивая с молоком, можно перетереть через сито. Добавляем к свекольному пюре - яйцо и растительное масло, перемешиваем. Добавляем в смесь муку и ещё раз хорошо перемешиваем тесто. Выкладываем тесто ложкой на хорошо разогретую а/п сковороду, готовим с одной стороны на минимальном огне, пока сверху не начнут образовываться маленькие пузырьки и края не начнут укрепляться, переворачиваем панкейки и печём ещё 1-2 минуты."
    },
    {
    "number": 14,
    "name": "ТВОРОЖНЫЙ ОМЛЕТ С ГОРОШКОМ",
    "ingredients": "Яйцо - 1 шт, Творожок детский - 1 ч.л, Горошек зелёный - 3 ст.л",
    "method": "Отвариваем горошек до готовности (5 мин), смешиваем ингредиенты - яйцо, творожок, горошек и хорошо блендерим (есть такое слово вообще?😀). Разливаем яичную смесь по силиконовым формочкам примерно до половины (у меня получилось три формочки) и готовим на пару 15-20 минут."
    },
    {
    "number": 15,
    "name": "РИСОВАЯ КАША С БАНАНОМ И ЯБЛОКОМ",
    "ingredients": "Рис - 1 стакан, Молоко - 1 стакан, Вода - 1 стакан, Банан - 1 шт, Яблоко - 1 шт",
    "method": "В кастрюльку наливаем стакан воды и стакан молока, доводим до кипения. Высыпаем рис и варим до готовности каши, по необходимости добавляем молоко или воду. за 5 минут до готовности добавляем в кашу натертое яблоко и мелко нарезаный банан. Даём каше настояться под крышкой 10 мин."
    },
    {
    "number": 16,
    "name": "ТВОРОЖНО-БАНАНОВЫЕ ПАНКЕЙКИ",
    "ingredients": "Банан - 1 шт, Яйцо перепелиное - 2 шт, Детский творожок - 50гр, Мука (у меня рисовая + кукурузная) - 2-3 ст.л",
    "method": "Банан очищаем от кожуры  и разминаем  вилочкой, добавляем яйца, творожок и муку, хорошо перемешиваем (я все загрузила в блендер и взбила, так получается  более однородная консистенция), выпекаем панкейки на сухой а/п сковороде  с двух сторон на минимальном огне под крышкой до золотистого цвета."
    },
    {
    "number": 17,
    "name": "ГРЕЧНЕВАЯ КАША С КУРАГОЙ И КРОШКОЙ ИЗ ГРЕЦКОГО ОРЕХА",
    "ingredients": "Гречневые хлопья - 1 ст, Вода - 1.5 ст, Молоко - 1.5 ст, Курага - 5 - 6 шт, Крошка грецкого ореха - по вкусу, Масло сливочное - 5 гр - по желанию",
    "method": "Выливаем в кастрюльку воду и молоко, доводим до кипения и высыпаем гречневые хлопья (можно использовать и простую гречневую крупу, но консистенция из хлопьев нежнее). Курагу нарезаем очень мелко, можно даже натереть на тёрке, добавляем курагу к каше, хорошо перемешиваем и на медленном огне доводим кашу до кипения, добавляем сливочное масло и даём каше 10 минут настояться под крышкой. Перед подачей посыпаем крошкой из грецкого ореха."
    },
    {
    "number": 18,
    "name": "ТВОРОЖНО-МОРКОВНАЯ ЗАПЕКАНКА",
    "ingredients": "Морковь -  1 шт, Творог 5% - 200гр, Яйцо - 1 шт, Манка (у меня кукурузная) - 2-3 ст.л",
    "method": "Морковь очищаем и натираем на мелкой тёрке.  Смешиваем творог, яйцо, манку и морковь, хорошо перемешиваем или взбиваем блендером.  Оставляем массу на 20 минут чтобы манка разбухла. Перекладываем творожно- морковную смесь в форму (если форма не силиконовая то лучше смазать маслом) и выпекаем при 180 гр - 35 - 40 мин."
    },
    {
    "number": 19,
    "name": "КОКОСОВЫЕ СЫРНИКИ",
    "ingredients": "Творог обычный - 250 гр, Яйцо - 1 шт, Стружка кокосовая - 3 ст.л, Мука - 2-3 ст.л + Мука для обваливания сырников. Масло для смазывания сковороды",
    "method": "Смешиваем творог с яйцом и кокосовой стружкой, можно взбить массу блендером для более однородной и нежной консистенции, я оставила так чтоб консистенция получилась более текстурная. Просеиваем в творожную массу муку и хорошо перемешиваем. Готовая творожная масса должна быть слегка липкой.  Сформируйте  сырники, обваляйте немного в муке. Обжаривайте в небольшом количестве масла на медленном огне под крышкой с двух сторон до золотистой корочки. Можно запечь в духовке, для этого выкладываем сырники на силиконовый коврик и выпекаем 25 минут при 180 гр."
    },
    {
    "number": 20,
    "name": "БЛИНЧИКИ ИЗ БРОККОЛИ",
    "ingredients": "Мука - 100 гр, Яйцо - 1 шт, Брокколи - 100 гр, Молоко - 150 мл, Масло растительное - 1/2 ч.л",
    "method": "Брокколи отвариваем до готовности (7-8 минут), натираем на тёрке. Взбиваем яйцо, добавляем к нему молоко и просеиваем муку, хорошо перемешиваем, чтобы не образовались комочки,  добавляем брокколи вместе с маслом и ещё раз хорошо перемешиваем. Выпекаем блины на а/п сковороде, 2 минуты с одной стороны и 30 сек с другой на среднем огне. Время зависит так же от вашей плиты и мощности огня. я готовила на минимальном."
    },
    {
    "number": 21,
    "name": "ФРИТАТА С ОВОЩАМИ",
    "ingredients": "Яйцо - 3 шт, Горошек зелёный - 3 ст.л, Перец болгарский - 1/2, Лук красный - 1/2, Помидор - 1 шт, Кабачок - 1/4 маленького, Брокколи - 5 соцветий, Масло растительное - 1 ч.л",
    "method": "Лук очищаем и мелко нарезаем,обжариваем  на растительном масле до золотистого цвета. Болгарский перец и кабачок мелко режем кубиками и добавляем к луку, заливаем немного водой и тушим до готовности овощей (минут 10-15), горошек и брокколи отвариваем до готовности (5-7 минут), помидор очищаем от кожуры и нарезаем кубиками. Яйца взбиваем в отдельной ёмкости. Когда лук, перец и кабачок приготовятся, добавляем к ним горошек и брокколи,  заливаем яйцом и сверху выкладываем помидор. Жарим на медленном огне пока яйца не схватятся, потом переворачиваем и жарим ещё пару минут с другой стороны. Перед подачей можно сверху посыпать тёртым сыром."
    },
    {
    "number": 22,
    "name": "БАНАНОВЫЙ ХЛЕБ (КЕКСЫ)",
    "ingredients": "Банан - 1 шт, Яйцо (белок) - 1 шт, Мука рисовая - 100-120гр, Масло сливочное - 5 гр, Разрыхлитель - 2 гр",
    "method": "Спелый банан разминаем вилкой так, чтоб остались небольшие кусочки,  яичный белок взбиваем в пышную пену и добавляем к банановому пюре, просеиваем рисовую муку и  аккуратно перемешиваем, добавляем растопленное масло и ещё раз хорошо перемешиваем. Выкладываем тесто в силиконовые формочки и ставим в предварительно разогретую до 170гр духовку и выпекаем 30 мин, готовность проверяем деревянной шпажкой, когда останется сухая - тогда и готово."
    },
    {
    "number": 23,
    "name": "СВЕКОЛЬНЫЕ СЫРНИКИ",
    "ingredients": "Свекла запечённая или вареная - 1 шт, Творог - 250 гр, Яйцо - 2 шт, Мука (я использовала рисовую) - 3 - 4 ст.л, Корица - по вкусу",
    "method": "Приготовленную свеклу натираем на мелкой тёрке или измельчаем блендером. К яйцам добавляем творог и хорошо перемешиваем, просеиваем муку, добавляем корицу по вкусу и измельчённую свеклу, ещё раз все перемешиваем и формируем сырники, запечь можно на силиконовым коврике, или творожную массу можно разложить в силиконовые формочки (меньше чем на половину), запекаем в духовке 25 минут при температуре 180гр."
    },
    {
    "number": 24,
    "name": "ТЫКВЕННО-МОРКОВНАЯ ЗАПЕКАНКА",
    "ingredients": "Тыква - 200гр, Морковь - 200гр, Манка - 7-8 ст.л, Кефир - 300мл, Яйцо - 1шт, Корица - по вкусу, Масло для смазывания формы",
    "method": "Манку заливаем кефиром и оставляем набухать  20 минут. Морковь и тыкву варим до готовности и толкушкой разминаем в пюре, остужаем. Соединяем тыквенно-морковное пюре с кефиром и манкой а так же с яйцом, добавляем немного корицы и хорошо перемешиваем. Форму смазываем маслом и выпекаем при температуре 180гр - 45  минут."
    },
    {
    "number": 25,
    "name": "ОВСЯНАЯ КАША С МАЛИНОЙ И БАНАНОМ",
    "ingredients": "Хлопья овсяные - 1 ст, Молоко - 1ст, Вода - 1ст, Банан - 1/2, Малина замороженная - 3 ст.л",
    "method": "Наливаем в кастрюльку стакан воды и стакан молока, доводим до кипения и высыпаем овсяные хлопья, варим до готовности, по необходимости добавляем молоко или воду. за 5 мин до готовности добавляем мелко нарезаный банан и ягоды."
    },
    {
    "number": 26,
    "name": "ОВСЯНО-ЯБЛОЧНЫЕ ПАНКЕЙКИ",
    "ingredients": "Печёные яблоки  (сладкий сорт)  - 2 шт, Мука овсяная - 1 ст, Молоко - 130 мл, Яйцо - 1 шт, Корица по вкусу",
    "method": "Мякоть печёных яблок измельчаем блендером, добавляем яйцо,  молоко и перемешиваем, потихоньку вводим муку (тесто должно получится густоватым), добавляем  корицу и ещё раз хорошо перемешиваем. Выпекаем на а/п сковороде на минимальном огне с двух сторон до румяных корочек."
    },
    {
    "number": 27,
    "name": "СКРЕМБЛ СО ШПИНАТОМ",
    "ingredients": "Измельченный замороженный шпинат - 1-2 шайбочки, Яйцо - 2 шт, Молоко - 2ст.л",
    "method": "Шпинат размораживаем и выкладываем на сковороду, добавляем немного воды и тушим минут 8 (нужно чтоб воды не осталось). Смешиваем яйца с молоком, взбиваем венчиком и выливаем яичную смесь к шпинату. Лопаткой постоянно мешаем по кругу до готовности."
    },
    {
    "number": 28,
    "name": "КУКУРУЗНЫЙ ПУДИНГ",
    "ingredients": "Манка кукурузная - 1 ст, Молоко - 1 ст, Вода - 1ст, Масло сливочное - 10гр, Яйцо - 2 шт",
    "method": "В кастрюльку заливаем воду и молоко, доводим до кипения и потихоньку постоянно помешивая вводим манку стараясь не допускать комочков, варим до готовности. остужаем. Белки отделяем от желтков, желтки смешиваем с кукурузной манкой, белки взбиваем в густую пену до устойчивых пиков, аккуратно вводим белки к манке и перемешиваем. Форму смазываем маслом, выкладываем кукурузную смесь и ставим в предварительно разогретую до 180гр духовку на 30 минут"
    },
    {
    "number": 29,
    "name": "ЛЕНИВЫЕ ВАРЕНИКИ",
    "ingredients": "Мягкий творог в пачке  -  120-150гр, Яйцо - 1 шт, Манка - 1 ст.л, Мука -  2 ст.л",
    "method": "Смешиваем все ингредиенты, я взбила всё блендером. Формируем из полученной творожной массы шарик. Разделите его на равные части и скатайте из них колбаски, нарежьте колбаски на небольшие кусочки и отправьте варится в кипящую воду, после всплытия варите пару минут."
    },
    {
    "number": 30,
    "name": "ЯГОДНОЕ СУФЛЕ",
    "ingredients": "Творог мягкий в пачке  - 200гр, Яйцо - 1шт, Ягоды (у меня малина), Банан - 1/2шт, Масло для смазывания формы. Если форма силиконовая то не нужно",
    "method": "Отделяем белок от желтка, желток смешиваем с творогом, ягодами и бананом, взбиваем блендером. Белки взбиваем в густую пену до устойчивых пиков, аккуратно соединяем творожную массу с белками , выкладываем в форму и выпекаем 20-25мин при температуре  180гр."
    },
    {
    "number": 31,
    "name": "ТВОРОЖНЫЕ БЛИНЧИКИ",
    "ingredients": "Яйцо - 2 шт, Молоко - 150 мл, Творожок детский натуральный - 100 гр, Мука - 150 - 180 гр, Масло растительное - 1 ч.л",
    "method": "Яйца взбиваем  и смешиваем  с молоком, добавляем  творожок и ещё раз хорошо перемешиваем чтоб не было комочков, к полученной смеси потихоньку просеиваем муку до загустения. Добавляем  к тесту чайную ложку масла, перемешиваем.  Сковороду перед выпеканием первого блина смазываем немного маслом, потом не нужно. Выпекаем блины на медленном огне с двух сторон до готовности."
    },
    {
    "number": 32,
    "name": "ПЫШНЫЙ ОМЛЕТ С РЫБКОЙ",
    "ingredients": "Яйцо - 2 шт, Молоко - 2 ст.л, Филе белой рыбы - 80 гр, Масло для смазывания формы (для силиконовой формы - не нужно)",
    "method": "Филе рыбы приготовить на пару, 20 - 25 минут, остудить, нарезать на маленькие кусочки. Смешать яйца с молоком, немного взбить вилочкой. Добавить к яичной смеси рыбку, перемешать. Перекладываем смесь в смазанную маслом форму и выпекаем в духовке 15-20 минут при температуре 180гр."
    },
    {
    "number": 33,
    "name": "ШАРЛОТКА ТВОРОЖНАЯ",
    "ingredients": "Яблоко - 1 шт, Творожок детский натуральный - 50 гр, Яйцо - 1 шт, Мука (я использовала кукурузную) - 2-3 ст.л, Корица - по вкусу",
    "method": "Яблоко очищаем от кожуры и нарезаем маленькими  квадратиками примерно 0.5см, смешиваем яблоки с яйцом и творогом, добавляем муку и корицу, все хорошо перемешиваем. Выкладываем в силиконовые формочки и выпекаем в духовке 40 минут при температуре 180 гр."
    },
    {
    "number": 34,
    "name": "ГРУШЕВЫЙ ПИРОГ",
    "ingredients": "Мука (я использовала рисовую + пшеничную 1:1) - 300 гр, Яйца - 2 шт, Груши - 2 шт, Молоко - 1 ст. , Масло для смазывания формы.",
    "method": "Яйца разделяем на белки и желтки, желтки взбиваем вилочкой и добавляем к ним молоко, затем просеиваем к желткам с молоком - муку и хорошо перемешиваем. Груши без кожуры нарезаем маленькими квадратиками размером примерно 0,5 см, смешиваем с тестом. Белки взбиваем до густой пены и аккуратно вмешиваем в тесто. Выкладываем полученную массу в смазанную маслом форму для запекания и выпекаем 40 минут при температуре 180гр."
    },
    {
    "number": 35,
    "name": "СКРЕМБЛ С БРОККОЛИ",
    "ingredients": "Яйцо - 2 шт, Молоко - 2 ст.л, Брокколи - 5-7 соцветий",
    "method": "Брокколи отвариваем до готовности (8мин). Смешиваем яйца с молоком, взбиваем немного вилочкой, брокколи разрезаем на небольшие кусочки и смешиваем с яйцами. Выливаем яичную смесь на разогретую сковороду и готовим скрембл постоянно мешая лопаткой по часовой стрелке."
    },
    {
    "number": 36,
    "name": "ЯГОДНЫЕ ПАНКЕЙКИ",
    "ingredients": "Кефир - 200 мл, Мука - 4-5 ст.л, Яйцо - 1 шт, Ягоды, можно  замороженные 30 гр",
    "method": "Яйцо смешиваем с кефиром, всыпаем муку,  хорошо перемешиваем.  добавляем в смесь размороженные ягоды и взбиваем все блендером. Для сладости можно добавить 1/2 банана. Выпекаем на а/п сковороде на минимальном огне под крышкой с двух сторон."
    },
    {
    "number": 37,
    "name": "МОРКОВНАЯ ЗАПЕКАНКА",
    "ingredients": "Морковь - 400 гр, Яйцо - 2 шт ,  Молоко - 2 ст.л, Мука - 2 ст.л, Масло для смазывания формы",
    "method": "Морковь отвариваем до готовности. Остужаем и натираем на тёрке.  В отдельной ёмкости смешиваем яйца с молоком и немного взбиваем вилочкой, смешиваем морковь  и яичную смесь, добавляем муку и хорошо перемешиваем. форму смазываем маслом. Выкладываем морковную смесь в форму и выпекаем в духовке 40-45 минут при темп 180гр."
    },
    {
    "number": 38,
    "name": "ТВОРОЖНЫЕ ШАРИКИ С БАНАНОМ И КОКОСОМ",
    "ingredients": "Творог обычный - 220 гр, Яйцо - 1 шт, Банан - 1/2, Кокосовая стружка - 30-40 гр, Мука (я использовала рисовую) 2-3 ст.л",
    "method": "Смешиваем все ингредиенты и взбиваем все блендером, из полученной творожной массы формируем шарики, выкладываем на силиконовый коврик или противень смазанный немного маслом, и выпекаем 20-25 минут при температуре 180 гр. Переодически шарики желательно переворачивать, чтоб ни как у меня загорели только с одной стороны."
    },
    {
    "number": 39,
    "name": "ОЛАДЬИ ИЗ ЦЗ МУКИ С ЦУКИНИ И СЫРОМ",
    "ingredients": "Мука цельнозерновая - 100 гр, Кефир - 200 мл, Яйцо - 2 шт, Цукини (кабачок) - 80 гр, Сыр, отлично подойдёт моцарелла - 50 гр, Масло растительное - 1 ч.л, Разрыхлитель - 1/4 ч.л",
    "method": "Кефир подогреваем до комнатной температуры, если подогреваете в микроволновке - до первого булька.  Смешиваем кефир с яйцами, взбиваем до однородности. Просеиваем к кефиру с яйцами муку и разрыхлитель, хорошо все перемешиваем. Цукини натираем на мелкой тёрке, отжимаем от лишней жидкости. Сыр тоже натираем на мелкой тёрке. Добавляем в тесто  цукини и сыр + чайную ложку растительного масла, еще раз хорошо перемешиваем.  На разогретую а/п сковороду ложкой выкладываем тесто формируя наши панкейки, печём с двух сторон до золотистой корочки на минимальном огне под крышкой."
    },
    {
    "number": 40,
    "name": "КАША ПШЁННАЯ С ТЫКВОЙ",
    "ingredients": "Пшено или пшённые хлопья - 1 ст, Тыква - 150 гр, Молоко - 1.5 ст, Вода - 1.5 ст",
    "method": "Молоко и воду выливаем в кастрюльку и доводим до кипения, высыпаем пшено и мелко нарезанную тыкву, варим до готовности, по необходимости добавляем воду/молоко."
    },
    {
    "number": 41,
    "name": "РИСОВЫЕ ТВОРОЖНИКИ С ЯБЛОКОМ",
    "ingredients": " Рис - 1 ст, Творог - 200 гр, Яйцо - 2 шт, Яблоко - 2 шт, Сметана - 2 ст.л, Корица - по вкусу",
    "method": "Рис  отвариваем до готовности, остужаем, смешиваем рис с творогом, сметаной и яйцом. Яблоки очищаем и нарезаем маленькими кубиками, добавляем к рисово-творожной массе, добавляем корицу по вкусу и выкладываем в силиконовые формочки, выпекаем в духовке 35 минут при температуре 180 гр."
    },
    {
    "number": 42,
    "name": "ФРАНЦУЗСКИЙ ОМЛЕТ С СЫРОМ",
    "ingredients": "Яйцо - 2шт, Молоко - 1 ст.л, Сыр - 20 гр",
    "method": "Смешиваем яйца с молоком и быстро перемешиваем венчиком или вилочкой. На горячую а/п сковороду выливаем яичную смесь (сковороду немного можно смазать маслом, если не уверены, что омлет хорошо отойдёт). когда омлет  снизу схватится - посыпаем сверху тёртым сыром и равномерно распределяем вилочкой по всему омлету, заверните омлет в рулет. Подать можно со свежей зеленью."
    },
    {
    "number": 43,
    "name": "РИС С КУРОЧКОЙ И ОВОЩАМИ",
    "ingredients": "Филе куриное 150гр, Рис 1 стакан, Кабачок - 1/2 шт, Перец болгарский - 1/2 шт, Морковь - 1/2 шт, Лук - 1/2 шт, Масло растительное",
    "method": "На капле масла пассеровать мелко нарезаные овощи, добавить куриное филе нарезанное на маленькие кусочки, обжаривать до золотистого цвета, добавить рис, готовить постоянно помешивая пока рис не станет прозрачным, добавить воды примерно 2 стакана, готовить до готовности риса, регулярно помешивая. Во время готовки добавлять воду по необходимости. Время готовки примерно 30 мин. можете так же добавить специи по вкусу, отлично подойдёт кари и  сладкая паприка, так же отлично будет с куркумой."
    },
    {
    "number": 44,
    "name": "ПАСТА В ЗЕЛЁНОМ СОУСЕ И КОТЛЕТКА ИЗ ЛОСОСЯ",
    "ingredients": "НА ПАСТУ -  Макароны - 80гр, Горошек зелёный - горсть, Брокколи - 4-6 соцветий, Масло оливковое - 1 ч.л, НА КОТЛЕТКИ-  Филе лосося - 200гр, Яйцо - 1/2, Шпинат - 30 гр,  Зелень, Лимонный сок",
    "method": "Готовим пасту - макароны отвариваем до готовности. Брокколи и горошек так же отвариваем до готовности (минут 6-8), Выкладываем горошек и брокколи в ёмкость и добавляем чайную ложку масла, взбиваем погружным блендером. Смешиваем макароны с соусом. Готовим  котлетки - нарезаем филе, закидываем в блендер вместе с половиной яйца, мелко нарезаным шпинатом и зеленью, добавляем лимонный сок и измельчаем. Формируем котлетки и отправляем готовится на пару 20-30 минут ."
    },
    {
    "number": 45,
    "name": "ДЕТСКИЕ СОСИСКИ",
    "ingredients": "Филе бедра индейки или курицы  - 200 гр, Брокколи - 50 гр, Сливки или молоко - 40 мл, Так же понадобится пищевая плёнка.",
    "method": "Свежее брокколи разбираем на соцветия и натираем на мелкой тёрке. Если соцветия брокколи замороженные отвариваем их в кипящей воде буквально пару минут, остужаем и натираем на тёрке, отжимаем от лишней жидкости.  Мясо измельчаем блендером, смешиваем с брокколи, аккуратно добавляем сливки, сразу все резко не заливайте, может получится очень жидко. Берём пищевую плёнку, выкладываем на неё немного нашего фарша, сворачиваем и крепко завязывает концы. Варим в кипящей воде 15 - 20 минут. ! Перед подачей сосиски разрезаем на полу месяцы ! (Я на фото не разрезала, чтоб просто было видно, что это сосиски) ."
    },
    {
    "number": 46,
    "name": "ИНДЕЙКА С БРОКОЛЛИ В СЛИВОЧНОМ СОУСЕ",
    "ingredients": "Филе индейки 200гр (можно заменить на курицу), Брокколи - соцветий 10-12, Лук 1 маленький, Морковь 1 маленькая, Сливки 10% - 120-150 мл, Специи по желанию (у меня сухой чеснок, паприка и немного куркумы), Сыр по желанию - 20гр, Масло растительное",
    "method": "Лук мелко нарезаем, морковь натираем на мелкой тёрке. Пассеруем лук с морковью на капле растительного масла (можно обойтись без масла и начать тушить на водичке), добавляем к луку с морковью мелко нарезанное мясо, тушим в небольшом количестве воды 30 минут (воду по необходимости доливаем), добавляем специи. брокколи разбираем на соцветия и добавляем тушится к мясу, готовим минут 5, добавляем сливки и тушим ещё 5 минут на медленном огне.  При подаче можно посыпать натертым сыром."
    },
    {
    "number": 47,
    "name": "РИС С КУРОЧКОЙ И ОВОЩАМИ",
    "ingredients": "Филе куриное 150гр, Рис 1 стакан, Кабачок - 1/2 шт, Перец болгарский - 1/2 шт, Морковь - 1/2 шт, Лук - 1/2 шт, Масло растительное",
    "method": "На капле масла пассеровать мелко нарезаные овощи, добавить куриное филе нарезанное на маленькие кусочки, обжаривать до золотистого цвета, добавить рис, готовить постоянно помешивая пока рис не станет прозрачным, добавить воды примерно 2 стакана, готовить до готовности риса, регулярно помешивая. Во время готовки добавлять воду по необходимости. Время готовки примерно 30 мин. можете так же добавить специи по вкусу, отлично подойдёт кари и  сладкая паприка, так же отлично будет с куркумой."
    },
    {
    "number": 48,
    "name": "ПАСТА В ЗЕЛЁНОМ СОУСЕ И КОТЛЕТКА ИЗ ЛОСОСЯ",
    "ingredients": "НА ПАСТУ -  Макароны - 80гр, Горошек зелёный - горсть, Брокколи - 4-6 соцветий, Масло оливковое - 1 ч.л, НА КОТЛЕТКИ-  Филе лосося - 200гр, Яйцо - 1/2, Шпинат - 30 гр,  Зелень, Лимонный сок",
    "method": "Готовим пасту - макароны отвариваем до готовности. Брокколи и горошек так же отвариваем до готовности (минут 6-8), Выкладываем горошек и брокколи в ёмкость и добавляем чайную ложку масла, взбиваем погружным блендером. Смешиваем макароны с соусом. Готовим  котлетки - нарезаем филе, закидываем в блендер вместе с половиной яйца, мелко нарезаным шпинатом и зеленью, добавляем лимонный сок и измельчаем. Формируем котлетки и отправляем готовится на пару 20-30 минут ."
    },
    {
    "number": 49,
    "name": "ДЕТСКИЕ СОСИСКИ",
    "ingredients": "Филе бедра индейки или курицы  - 200 гр, Брокколи - 50 гр, Сливки или молоко - 40 мл, Так же понадобится пищевая плёнка.",
    "method": "Свежее брокколи разбираем на соцветия и натираем на мелкой тёрке. Если соцветия брокколи замороженные отвариваем их в кипящей воде буквально пару минут, остужаем и натираем на тёрке, отжимаем от лишней жидкости.  Мясо измельчаем блендером, смешиваем с брокколи, аккуратно добавляем сливки, сразу все резко не заливайте, может получится очень жидко. Берём пищевую плёнку, выкладываем на неё немного нашего фарша, сворачиваем и крепко завязывает концы. Варим в кипящей воде 15 - 20 минут. ! Перед подачей сосиски разрезаем на полу месяцы ! (Я на фото не разрезала, чтоб просто было видно, что это сосиски) ."
    },
    {
    "number": 50,
    "name": "ИНДЕЙКА С БРОКОЛЛИ В СЛИВОЧНОМ СОУСЕ",
    "ingredients": "Филе индейки 200гр (можно заменить на курицу), Брокколи - соцветий 10-12, Лук 1 маленький, Морковь 1 маленькая, Сливки 10% - 120-150 мл, Специи по желанию (у меня сухой чеснок, паприка и немного куркумы), Сыр по желанию - 20гр, Масло растительное",
    "method": "Лук мелко нарезаем, морковь натираем на мелкой тёрке. Пассеруем лук с морковью на капле растительного масла (можно обойтись без масла и начать тушить на водичке), добавляем к луку с морковью мелко нарезанное мясо, тушим в небольшом количестве воды 30 минут (воду по необходимости доливаем), добавляем специи. брокколи разбираем на соцветия и добавляем тушится к мясу, готовим минут 5, добавляем сливки и тушим ещё 5 минут на медленном огне.  При подаче можно посыпать натертым сыром."
    },
    {
    "number": 51,
    "name": "Рисовая каша протертая",
    "ingredients": "рис - 30,0, молоко - 100,0, сливочное масло - 5,0, вода - 200,0",
    "method": "Перебрать рис, промыть несколько раз, положить в кастрюлю, залить холодной водой и варить до тех пор, пока не станет мягким (20-25 минут). По мере выкипания добавляют понемногу воду так, чтобы к концу варки осталось разваренного риса вместе с отваром не более одного стакана. Рис горячим протереть через сито, добавить горячее, но некипяченое молоко, размешать и протереть еще раз, чтобы не было комков. В готовую кашу положить сливочное масло и тщательно перемешать."
    },
    {
    "number": 52,
    "name": "Рисовая каша протертая с яблоками",
    "ingredients": "рис - 30,0, молоко - 100,0, вода - 200,0, сливочное масло - 5,0, яблоки – 30,0",
    "method": "Сварить рисовую кашу (рецепт №1) и добавить натертое яблоко."
    },
    {
    "number": 53,
    "name": "Рисовая каша протертая с сухофруктами",
    "ingredients": "рис - 30,0, молоко - 100,0, сухофрукты – 10,0, сливочное масло - 5,0, вода - 200,0",
    "method": "Сварить рисовую кашу (рецепт №1). Приготовить фруктовое пюре. Для этого сушеные фрукты промыть, положить в кастрюлю, налить немного воды, закрыть посуду крышкой и варить на слабом огне. Когда фрукты станут мягкими, протереть через сито. Готовую рисовую кашу смешать с фруктовым пюре."
    },
    {
    "number": 54,
    "name": "Рисовая каша с тыквой и яблоками",
    "ingredients": "вода - 300,0, рис – 30,0, тыква – 50,0, сливочное масло – 5,0, растительное масло – 5,0, яблоки – 30,0",
    "method": "Очистить тыкву от корок и семян, нарезать ломтиками, положить в кастрюлю, добавить промытый рис и растительное масло, залить холодной водой (1 стакан) и варить до тех пор, пока рис и тыква не сделаются мягкими (25-30 минут). В готовую кашу положить сливочное масло, натертое яблоко и тщательно перемешать."
    },
    {
    "number": 55,
    "name": "Пшенная каша протертая",
    "ingredients": "пшено – 30,0, вода – 200,0, масло сливочное – 5,0, молоко – 100,0",
    "method": "Перебрать и промыть пшено, перетирая руками, в теплой воде, сменяя воду до тех пор, пока она не станет"
    },
    {
    "number": 56,
    "name": "Пшенная каша с морковью",
    "ingredients": "пшено – 30,0, вода – 200,0, масло сливочное – 5,0, молоко – 100,0, морковь – 30,0",
    "method": "Сварить пшенную кашу (рецепт №5). Морковь натереть на тёрке, добавить в готовую кашу и тщательно перемешать."
    },
    {
    "number": 57,
    "name": "Пшенная каша с яблоками",
    "ingredients": "пшено – 30,0, вода – 200,0, масло сливочное – 5,0, молоко – 100,0, яблоки – 30,0",
    "method": "Сварить пшенную кашу (рецепт №5). Яблоко натереть на тёрке, добавить в готовую кашу и тщательно перемешать."
    },
    {
    "number": 58,
    "name": "Манная каша протертая",
    "ingredients": "манка – 30,0, молоко – 100,0, вода – 200,0, масло сливочное – 5,0",
    "method": "В кастрюлю налить воду, довести до кипения, добавить молоко и довести до кипения. Манку просеять через сито и тонкой струйкой всыпать в кипящую жидкость, постоянно помешивая, чтобы не образовались комки. Варить на слабом огне 5-10 минут. В готовую кашу добавить сливочное масло и тщательно перемешать."
    },
    {
    "number": 59,
    "name": "Манная каша с морковью",
    "ingredients": "манка – 30,0, молоко – 100,0, вода – 200,0, масло сливочное – 5,0, морковь – 30,0",
    "method": "Сварить манную кашу (рецепт №8). Морковь натереть на тёрке, добавить в готовую кашу и тщательно перемешать."
    },
    {
    "number": 60,
    "name": "Манная каша с яблоками",
    "ingredients": "манка – 30,0, молоко – 100,0, вода – 200,0, масло сливочное – 5,0, яблоки – 30,0",
    "method": "Сварить манную кашу (рецепт №8). Яблоко натереть на тёрке, добавить в готовую кашу и тщательно перемешать."
    },
    {
    "number": 61,
    "name": "Гречневая каша протертая",
    "ingredients": "гречневая крупа – 30,0, вода – 200,0, молоко – 100,0, масло сливочное – 5,0",
    "method": "Перебрать гречневую крупу, промыть несколько раз, положить в кастрюлю, залить холодной водой и варить до тех пор, пока не станет мягкой (20-25 минут). По мере выкипания добавляют понемногу воду так, чтобы к концу варки осталось разваренной гречки вместе с отваром не более одного стакана. Гречку горячим протереть через сито, добавить горячее, но некипяченое молоко, размешать и протереть еще раз, чтобы не было комков. В готовую кашу положить сливочное масло и тщательно перемешать."
    },
    {
    "number": 62,
    "name": "Гречневая каша протертая с яблоками",
    "ingredients": "гречневая крупа – 30,0, вода – 200,0, молоко – 100,0, масло сливочное – 5,0, яблоки – 30,0",
    "method": "Сварить гречневую кашу (рецепт №11) и добавить натертое яблоко."
    },
    {
    "number": 63,
    "name": "Гречневая каша протертая с сухофруктами",
    "ingredients": "гречневая крупа – 30,0, вода – 200,0, молоко – 100,0, масло сливочное – 5,0, сухофрукты – 10,0",
    "method": "Сварить гречневую кашу (рецепт №11). Приготовить фруктовое пюре. Для этого сушеные фрукты промыть, положить в кастрюлю, налить немного воды, закрыть посуду крышкой и варить на слабом огне. Когда фрукты станут мягкими, протереть через сито. Готовую гречневую кашу смешать с фруктовым пюре."
    },
    {
    "number": 64,
    "name": "Гречневая каша с тыквой и яблоками",
    "ingredients": "гречневая крупа – 30,0, вода – 300,0, тыква – 50,0, сливочное масло – 5,0, растительное масло – 5,0, яблоки – 30,0",
    "method": "Очистить тыкву от корок и семян, нарезать ломтиками, положить в кастрюлю, добавить промытую гречневую крупу и растительное масло, залить холодной водой (1 стакан) и варить до тех пор, пока гречка и тыква не сделаются мягкими (25-30 минут). В готовую кашу положить сливочное масло, натертое яблоко и тщательно перемешать."
    },
    {
    "number": 65,
    "name": "Овсяная каша протертая",
    "ingredients": "овсяные хлопья – 30,0, вода – 200,0, молоко – 100,0, масло сливочное – 5,0",
    "method": "Овсяные хлопья залить холодной водой и варить до тех пор, пока не станут мягкими (20-25 минут). По мере выкипания добавляют понемногу воду так, чтобы к концу варки осталось разваренных хлопьев вместе с отваром не более одного стакана. Овсяные хлопья горячим протереть через сито, добавить горячее, но некипяченое молоко, размешать и протереть еще раз, чтобы не было комков. В готовую кашу положить сливочное масло и тщательно перемешать."
    },
    {
    "number": 66,
    "name": "Овсяная каша протертая с яблоками",
    "ingredients": "овсяные хлопья – 30,0, вода – 200,0, молоко – 100,0, масло сливочное – 5,0, яблоки – 30,0",
    "method": "Сварить овсяную кашу (рецепт №15) и добавить натертое яблоко."
    },
    {
    "number": 67,
    "name": "Овсяная каша протертая с сухофруктами",
    "ingredients": "овсяные хлопья – 30,0, вода – 200,0, молоко – 100,0, масло сливочное – 5,0, сухофрукты – 10,0",
    "method": "Сварить овсяную кашу (рецепт №15). Приготовить фруктовое пюре. Для этого сушеные фрукты промыть, положить в кастрюлю, налить немного воды, закрыть посуду крышкой и варить на слабом огне. Когда фрукты станут мягкими, протереть через сито. Готовую овсяную кашу смешать с фруктовым пюре."
    },
    {
    "number": 68,
    "name": "Овсяная каша с тыквой и яблоками",
    "ingredients": "овсяные хлопья – 30,0, вода – 300,0, тыква – 50,0, сливочное масло – 5,0, растительное масло – 5,0, яблоки – 30,0",
    "method": "Очистить тыкву от корок и семян, нарезать ломтиками, положить в кастрюлю, добавить овсяные хлопья и растительное масло, залить холодной водой (1 стакан) и варить до тех пор, пока овсяные хлопья и тыква не сделаются мягкими (25-30 минут). В готовую кашу положить сливочное масло, натертое яблоко и тщательно перемешать."
    },
    {
    "number": 69,
    "name": "Перловая каша протертая",
    "ingredients": "перловая крупа – 30,0, вода – 200,0, молоко – 100,0, масло сливочное – 5,0",
    "method": "Перебрать перловую крупу, промыть несколько раз, положить в кастрюлю, залить холодной водой и варить до тех пор, пока не станет мягкой (20-25 минут). По мере выкипания добавляют понемногу воду так, чтобы к концу варки осталось разваренной перловой крупы вместе с отваром не более одного стакана. Перловую крупу горячим протереть через сито, добавить горячее, но некипяченое молоко, размешать и протереть еще раз, чтобы не было комков. В готовую кашу положить сливочное масло и тщательно перемешать."
    },
    {
    "number": 70,
    "name": "Перловая каша протертая с яблоками",
    "ingredients": "перловая крупа – 30,0, вода – 200,0, молоко – 100,0, масло сливочное – 5,0, яблоки – 30,0",
    "method": "Сварить перловую кашу (рецепт №19) и добавить натертое яблоко."
    },
    {
    "number": 71,
    "name": "Перловая каша протертая с сухофруктами",
    "ingredients": "перловая крупа – 30,0, вода – 200,0, молоко – 100,0, масло сливочное – 5,0, сухофрукты – 10,0",
    "method": "Сварить перловую кашу (рецепт №19). Приготовить фруктовое пюре. Для этого сушеные фрукты промыть, положить в кастрюлю, налить немного воды, закрыть посуду крышкой и варить на слабом огне. Когда фрукты станут мягкими, протереть через сито. Готовую перловую кашу смешать с фруктовым пюре."
    },
    {
    "number": 72,
    "name": "Перловая каша с тыквой и яблоками",
    "ingredients": "перловая крупа – 30,0, вода – 300,0, тыква – 50,0, сливочное масло – 5,0, растительное масло – 5,0, яблоки – 30,0",
    "method": "Очистить тыкву от корок и семян, нарезать ломтиками, положить в кастрюлю, добавить промытую перловую крупу и растительное масло, залить холодной водой (1 стакан) и варить до тех пор, пока перловая крупа и тыква не сделаются мягкими (25-30 минут). В готовую кашу положить сливочное масло, натертое яблоко и тщательно перемешать."
    },
    {
    "number": 73,
    "name": "Ячменная каша протертая",
    "ingredients": "ячменная крупа – 30,0, вода – 200,0, молоко – 100,0, масло сливочное – 5,0",
    "method": "Перебрать ячменную крупу, промыть несколько раз, положить в кастрюлю, залить холодной водой и варить до тех пор, пока не станет мягкой (20-25 минут). По мере выкипания добавляют понемногу воду так, чтобы к концу варки осталось разваренной ячменной крупы вместе с отваром не более одного стакана. Ячменную крупу горячим протереть через сито, добавить горячее, но некипяченое молоко, размешать и протереть еще раз, чтобы не было комков. В готовую кашу положить сливочное масло и тщательно перемешать."
    },
    {
    "number": 74,
    "name": "Ячменная каша протертая с яблоками",
    "ingredients": "ячменная крупа – 30,0, вода – 200,0, молоко – 100,0, масло сливочное – 5,0, яблоки – 30,0",
    "method": "Сварить ячменную кашу (рецепт №23) и добавить натертое яблоко."
    },
    {
    "number": 75,
    "name": "Ячменная каша протертая с сухофруктами",
    "ingredients": "ячменная крупа – 30,0, вода – 200,0, молоко – 100,0, масло сливочное – 5,0, сухофрукты – 10,0",
    "method": "Сварить ячменную кашу (рецепт №23). Приготовить фруктовое пюре. Для этого сушеные фрукты промыть, положить в кастрюлю, налить немного воды, закрыть посуду крышкой и варить на слабом огне. Когда фрукты станут мягкими, протереть через сито. Готовую ячменную кашу смешать с фруктовым пюре."
    },
    {
    "number": 76,
    "name": "Ячменная каша с тыквой и яблоками",
    "ingredients": "ячменная крупа – 30,0, вода – 300,0, тыква – 50,0, сливочное масло – 5,0, растительное масло – 5,0, яблоки – 30,0",
    "method": "Очистить тыкву от корок и семян, нарезать ломтиками, положить в кастрюлю, добавить промытую ячменную крупу и растительное масло, залить холодной водой (1 стакан) и варить до тех пор, пока ячменная крупа и тыква не сделаются мягкими (25-30 минут). В готовую кашу положить сливочное масло, натертое яблоко и тщательно перемешать."
    },
    {
    "number": 77,
    "name": "Кукурузная каша протертая",
    "ingredients": "кукурузная крупа – 30,0, вода – 200,0, молоко – 100,0, масло сливочное – 5,0",
    "method": "Кукурузную крупу залить холодной водой и варить до тех пор, пока не станет мягкой (20-25 минут). По мере выкипания добавляют понемногу воду так, чтобы к концу варки осталось разваренной кукурузной крупы вместе с отваром не более одного стакана. Кукурузную крупу горячим протереть через сито, добавить горячее, но некипяченое молоко, размешать и протереть еще раз, чтобы не было комков. В готовую кашу положить сливочное масло и тщательно перемешать."
    },
    {
    "number": 78,
    "name": "Кукурузная каша протертая с яблоками",
    "ingredients": "кукурузная крупа – 30,0, вода – 200,0, молоко – 100,0, масло сливочное – 5,0, яблоки – 30,0",
    "method": "Сварить кукурузную кашу (рецепт №27) и добавить натертое яблоко."
    },
    {
    "number": 79,
    "name": "Кукурузная каша протертая с сухофруктами",
    "ingredients": "кукурузная крупа – 30,0, вода – 200,0, молоко – 100,0, масло сливочное – 5,0, сухофрукты – 10,0",
    "method": "Сварить кукурузную кашу (рецепт №27). Приготовить фруктовое пюре. Для этого сушеные фрукты промыть, положить в кастрюлю, налить немного воды, закрыть посуду крышкой и варить на слабом огне. Когда фрукты станут мягкими, протереть через сито. Готовую кукурузную кашу смешать с фруктовым пюре."
    },
    {
    "number": 80,
    "name": "Кукурузная каша с тыквой и яблоками",
    "ingredients": "кукурузная крупа – 30,0, вода – 300,0, тыква – 50,0, сливочное масло – 5,0, растительное масло – 5,0, яблоки – 30,0",
    "method": "Очистить тыкву от корок и семян, нарезать ломтиками, положить в кастрюлю, добавить кукурузную крупу и растительное масло, залить холодной водой (1 стакан) и варить до тех пор, пока кукурузная крупа и тыква не сделаются мягкими (25-30 минут). В готовую кашу положить сливочное масло, натертое яблоко и тщательно перемешать."
    },
    {
    "number": 81,
    "name": "Смешанная каша протертая (рис + гречка)",
    "ingredients": "рис – 15,0, гречневая крупа – 15,0, вода – 200,0, молоко – 100,0, масло сливочное – 5,0",
    "method": "Перебрать рис и гречневую крупу, промыть несколько раз, положить в кастрюлю, залить холодной водой и варить до тех пор, пока не станут мягкими (20-25 минут). По мере выкипания добавляют понемногу воду так, чтобы к концу варки осталось разваренных круп вместе с отваром не более одного стакана. Крупы горячим протереть через сито, добавить горячее, но некипяченое молоко, размешать и протереть еще раз, чтобы не было комков. В готовую кашу положить сливочное масло и тщательно перемешать."
    },
    {
    "number": 82,
    "name": "Смешанная каша протертая (рис + гречка) с яблоками",
    "ingredients": "рис – 15,0, гречневая крупа – 15,0, вода – 200,0, молоко – 100,0, масло сливочное – 5,0, яблоки – 30,0",
    "method": "Сварить смешанную кашу (рецепт №31) и добавить натертое яблоко."
    },
    {
    "number": 83,
    "name": "Смешанная каша протертая (рис + гречка) с сухофруктами",
    "ingredients": "рис – 15,0, гречневая крупа – 15,0, вода – 200,0, молоко – 100,0, масло сливочное – 5,0, сухофрукты – 10,0",
    "method": "Сварить смешанную кашу (рецепт №31). Приготовить фруктовое пюре. Для этого сушеные фрукты промыть, положить в кастрюлю, налить немного воды, закрыть посуду крышкой и варить на слабом огне. Когда фрукты станут мягкими, протереть через сито. Готовую смешанную кашу смешать с фруктовым пюре."
    },
    {
    "number": 84,
    "name": "Смешанная каша с тыквой и яблоками (рис + гречка)",
    "ingredients": "рис – 15,0, гречневая крупа – 15,0, вода – 300,0, тыква – 50,0, сливочное масло – 5,0, растительное масло – 5,0, яблоки – 30,0",
    "method": "Очистить тыкву от корок и семян, нарезать ломтиками, положить в кастрюлю, добавить промытые крупы и растительное масло, залить холодной водой (1 стакан) и варить до тех пор, пока крупы и тыква не сделаются мягкими (25-30 минут). В готовую кашу положить сливочное масло, натертое яблоко и тщательно перемешать."
    },
    {
    "number": 85,
    "name": "Смешанная каша протертая (пшено + овсяные хлопья)",
    "ingredients": "пшено – 15,0, овсяные хлопья – 15,0, вода – 200,0, молоко – 100,0, масло сливочное – 5,0",
    "method": "Перебрать пшено, промыть несколько раз, перетирая руками, в теплой воде, сменяя воду до тех пор, пока она не станет чистой. Овсяные хлопья залить холодной водой и варить до тех пор, пока не станут мягкими (20-25 минут). По мере выкипания добавляют понемногу воду так, чтобы к концу варки осталось разваренных круп вместе с отваром не более одного стакана. Крупы горячим протереть через сито, добавить горячее, но некипяченое молоко, размешать и протереть еще раз, чтобы не было комков. В готовую кашу положить сливочное масло и тщательно перемешать."
    },
    {
    "number": 86,
    "name": "Смешанная каша протертая (пшено + овсяные хлопья) с яблоками",
    "ingredients": "пшено – 15,0, овсяные хлопья – 15,0, вода – 200,0, молоко – 100,0, масло сливочное – 5,0, яблоки – 30,0",
    "method": "Сварить смешанную кашу (рецепт №35) и добавить натертое яблоко."
    },
    {
    "number": 87,
    "name": "Смешанная каша протертая (пшено + овсяные хлопья) с сухофруктами",
    "ingredients": "пшено – 15,0, овсяные хлопья – 15,0, вода – 200,0, молоко – 100,0, масло сливочное – 5,0, сухофрукты – 10,0",
    "method": "Сварить смешанную кашу (рецепт №35). Приготовить фруктовое пюре. Для этого сушеные фрукты промыть, положить в кастрюлю, налить немного воды, закрыть посуду крышкой и варить на слабом огне. Когда фрукты станут мягкими, протереть через сито. Готовую смешанную кашу смешать с фруктовым пюре."
    },
    {
    "number": 88,
    "name": "Смешанная каша с тыквой и яблоками (пшено + овсяные хлопья)",
    "ingredients": "пшено – 15,0, овсяные хлопья – 15,0, вода – 300,0, тыква – 50,0, сливочное масло – 5,0, растительное масло – 5,0, яблоки – 30,0",
    "method": "Очистить тыкву от корок и семян, нарезать ломтиками, положить в кастрюлю, добавить пшено и овсяные хлопья и растительное масло, залить холодной водой (1 стакан) и варить до тех пор, пока крупы и тыква не сделаются мягкими (25-30 минут). В готовую кашу положить сливочное масло, натертое яблоко и тщательно перемешать."
    },
    {
    "number": 89,
    "name": "Смешанная каша протертая (рис + пшено)",
    "ingredients": "рис – 15,0, пшено – 15,0, вода – 200,0, молоко – 100,0, масло сливочное – 5,0",
    "method": "Перебрать рис и пшено, промыть несколько раз, положить в кастрюлю, залить холодной водой и варить до тех пор, пока не станут мягкими (20-25 минут). По мере выкипания добавляют понемногу воду так, чтобы к концу варки осталось разваренных круп вместе с отваром не более одного стакана. Крупы горячим протереть через сито, добавить горячее, но некипяченое молоко, размешать и протереть еще раз, чтобы не было комков. В готовую кашу положить сливочное масло и тщательно перемешать."
    },
    {
    "number": 90,
    "name": "Смешанная каша протертая (рис + пшено) с яблоками",
    "ingredients": "рис – 15,0, пшено – 15,0, вода – 200,0, молоко – 100,0, масло сливочное – 5,0, яблоки – 30,0",
    "method": "Сварить смешанную кашу (рецепт №39) и добавить натертое яблоко."
    }
    ]
    
